Module,E_base_mean_kWh,E_opt_mean_kWh,Saving_mean_ratio,Ppeak_base_mean_kW,Ppeak_opt_mean_kW,Pstd_base_mean_kW,Pstd_opt_mean_kW,EperThroughput_base,EperThroughput_opt
Load,0.2550244917339,0.191483178609261,0.240930480201684,17.8951992168425,11.8690889961483,5.53807964370756,3.12116609406407,0.364320702477,0.478707946523151
Speed,0.358052475772392,0.269696120593721,0.185842375325815,25.6340370769005,16.7909683960743,8.8613566263327,4.99407851095724,0.529339654173018,0.674240301484303
Temp,0.365667388609953,0.429318449463884,-0.17425913092528,26.2070618595493,26.8346534684692,8.98638345746317,8.61797372492814,0.522381983728504,0.613312070662692
Mode,0.383789226060085,0.409540731292765,-0.0719240005582916,25.6376218926404,25.6431154204622,8.80123492065644,8.74158973275255,0.548270322942979,0.585058187561093
